narratives,chat,chatzeroshot,text
The location of battle frontier location is unattained before and now attained afterwards.,['inaccessible | unreached | unvisited'],['unattained'],['unattained']
The full of wailmer is hungry before and full afterwards.,['empty | low'],['low'],['hungry | empty']
The action of ball is unused before and used afterwards.,['unused | inactive'],"[""'unused'""]",['inactive | unused']
The knowledge of wailmer is untrained before and trained afterwards.,['untrained | unfamiliar | untrained'],['untrained | low | novice'],['untrained | untrained | basic | not developed | none | absent | lacking']
The going of wailmer is still before and going afterwards.,['stationary | fixed | still'],['smaller'],['stationary | still']
The change of wailmer is unevolved before and evolved afterwards.,['unevolved | unevolved | pre-evolution | juvenile | unevolved | pre-evolution'],['less imposing | weak | low | small | unevolved'],['unevolved']
The evolution of wailmer is wailmer before and wailord afterwards.,['unevolved | wailmer'],['small and blue | wailmer'],['wailmer']
The items of candy is uncopied before and copied afterwards.,['one'],"[""'not copied'""]",['uncopied']
The action of wailmer is without rare candies before and now holder of rare candy afterwards.,['absent in Wailmer | without rare candies'],"['""un-evolved"" | ""none""']",['no rare candy possession | without rare candies']
